step,train_loss,eval_loss,lr
500,15.58045768737793,7.55221501053893,6e-06
1000,8.16724681854248,7.292405488915392,1.2e-05
1500,8.676986694335938,7.206212328412221,1.8e-05
2000,5.720076560974121,7.301505516879843,2.4e-05
2500,7.844207286834717,7.270435591068235,3e-05
3000,8.878538131713867,7.241985032393131,3e-05
3500,6.841353893280029,7.1905722055380465,3e-05
4000,8.457767486572266,7.2133185530110495,3e-05
4500,5.163684844970703,7.176484213749063,3e-05
5000,5.490460395812988,7.144005172958714,3e-05
5500,10.117223739624023,7.067741854436463,3e-05
6000,5.131677150726318,7.072225649142638,3e-05
6500,7.907902240753174,7.049784344388172,3e-05
7000,8.699746131896973,7.134789537987672,3e-05
7500,7.697277545928955,7.123783116476261,3e-05
8000,5.267810821533203,7.129658849051339,3e-05
8500,7.559939384460449,7.161915064105415,3e-05
9000,10.159170150756836,7.2377508401550585,3e-05
9500,6.733428001403809,7.271474068940734,3e-05
10000,4.920745372772217,7.2856127446139,3e-05
10500,8.568485260009766,7.278880816316814,3e-05
11000,4.87621545791626,7.23868397960905,3e-05
11500,7.104531764984131,7.190261133597232,3e-05
12000,11.627583503723145,7.169934791119886,3e-05
12500,7.55138635635376,7.109496994133224,3e-05
13000,8.076750755310059,7.143717955463217,3e-05
13500,5.10352087020874,7.140165195334703,3e-05
14000,6.140054702758789,7.126595589201315,3e-05
14500,7.232795715332031,7.134110441300436,3e-05
15000,9.268665313720703,7.155094881614787,3e-05
15500,5.631017208099365,7.187855876501999,3e-05
16000,6.066887855529785,7.192933367085061,3e-05
16500,5.575957775115967,7.214365495819948,3e-05
17000,7.845497131347656,7.1725813381926855,3e-05
17500,6.971946716308594,7.1763268998329295,3e-05
18000,5.652309417724609,7.159026513269055,3e-05
18500,6.441870212554932,7.1574444337020395,3e-05
19000,5.65523624420166,7.131608650481212,3e-05
19500,10.531285285949707,7.135903398200753,3e-05
20000,5.497215270996094,7.1640187045995845,3e-05
20500,8.195995330810547,7.183860575998551,3e-05
21000,6.539380073547363,7.219249672125443,3e-05
21500,7.743321418762207,7.243014559368021,3e-05
22000,7.761414527893066,7.252279145512148,3e-05
22500,10.08326530456543,7.254040557760163,3e-05
23000,5.710256576538086,7.298137735793716,3e-05
23500,6.244963645935059,7.289052738095052,3e-05
24000,6.319511413574219,7.300012382896966,3e-05
24500,27.809675216674805,7.330613468991942,3e-05
25000,6.160785675048828,7.36044391906762,3e-05
25500,5.846243858337402,7.351538857546984,3e-05
26000,13.37027359008789,7.364800784838735,3e-05
26500,11.278214454650879,7.389845313722617,3e-05
27000,10.21466064453125,7.381909680771059,3e-05
27500,5.857962131500244,7.45832077342493,3e-05
28000,5.709925651550293,7.461454007643624,3e-05
28500,6.181488037109375,7.46203835993947,3e-05
29000,7.151128768920898,7.472587082404061,3e-05
29500,5.651864528656006,7.476704153101309,3e-05
30000,10.253591537475586,7.419748061671271,3e-05
